ARTS1,3
COMM10,3
ETHICS1,3
KAS1,3
MATH10,3
SAS1,3
SCIENCE11,3
STS1,3
LIT4,3
PHILARTS1,3
PHILO30,3
PHILSTUD21,3
SCIENCE10,3
SOCSCI2,3
WIKA1,3
CW10,3
THEATRE11,3
MATH53,5
MATH102,3
STAT104,3
MATH54,5
MATH111,3
STAT121,3
CMSC11,3
MATH55,3
MATH114,3
STAT122,3
PHYSICS81,3
PHYSICS81.1,1
CMSC21,3
MATH112,3
PHYSICS82,3
PHYSICS82.1,1
STAT131,4
CMSC123,4
MATH121,3
MATH131,3
MATH161,3
STAT136,3
MATH123,3
MATH141,3
MATH189,3
MATH165,3
MATH198.1,1
MATH198.2,3
PI100,3
CMSC23,3
CMSC124,3
CMSC125,3
CMSC127,3
CMSC128,3
CMSC129,3
CMSC130,3
CMSC133,3
CMSC141,3
CMSC142,3
CMSC143,3
CMSC170,3
CMSC173,3
CMSC176,3
CMSC177,3
CMSC178,3
CMSC179,3
MATH116,3
MATH122,3
MATH124,3
MATH125,3
MATH127,3
MATH129,3
MATH140,3
MATH163,3
MATH164,3
MATH173,3
MATH174,3
MATH178,3
MATH181,3
MATH182,3
MATH183,3
MATH197,3
STAT115,3
STAT125,3
STAT132,3
STAT133,3
STAT138,3
STAT143,3
STAT145,3
STAT146,3
STAT147,3
STAT148,3
STAT149,3
STAT151,3
STAT171,3
STAT174,3
STAT175,3
STAT179,3
STAT197,3